Year,Cases,Death,YCFR
2001,13,9,69.23076923
2002,0,0,0
2003,12,8,66.66666667
2004,67,50,74.62686567
2005,12,11,91.66666667
2006,0,0,0
2007,18,9,50
2008,11,7,63.63636364
2009,4,1,25
2010,18,16,88.88888889
2011,43,37,86.04651163
2012,17,12,70.58823529
2013,31,25,80.64516129
2014,37,16,43.24324324
2015,15,11,73.33333333
2016,0,0,0
2017,3,2,66.66666667
2018,4,2,50
2019,8,7,87.5
2020,7,5,71.42857143
2021,2,0,0
2022,3,2,66.66666667
2023,14,10,71.42857143
